{"best/epoch": 26, "best/precision": 0.9997816930242053, "best/recall": 1.0, "best/mAP_0.5": 0.995, "best/mAP_0.5:0.95": 0.850879398761624, "Labels": {"_type": "images/separated", "width": 1600, "height": 1600, "format": "jpg", "count": 2, "filenames": ["media/images/Labels_0_deb5d587a6efb91ecd69.jpg", "media/images/Labels_0_56974dde328e4058761d.jpg"], "captions": ["labels.jpg", "labels_correlogram.jpg"]}, "Mosaics": {"_type": "images/separated", "width": 1920, "height": 1920, "format": "jpg", "count": 3, "filenames": ["media/images/Mosaics_0_df6952e0614ae1359ee0.jpg", "media/images/Mosaics_0_34cd7fa05afdfa8f39d2.jpg", "media/images/Mosaics_0_5776f9d88eab2e40f6af.jpg"], "captions": ["train_batch0.jpg", "train_batch1.jpg", "train_batch2.jpg"]}, "train/box_loss": 0.012572210282087326, "train/obj_loss": 0.006082851439714432, "train/cls_loss": 0.0, "metrics/precision": 0.999808552035337, "metrics/recall": 1.0, "metrics/mAP_0.5": 0.995, "metrics/mAP_0.5:0.95": 0.7838830850552568, "val/box_loss": 0.01194077730178833, "val/obj_loss": 0.006499290466308594, "val/cls_loss": 0.0, "x/lr0": 0.007426, "x/lr1": 0.007426, "x/lr2": 0.007426, "_timestamp": 1677195825, "_runtime": 4833, "_step": 40, "_wandb": {"runtime": 4918}}