{"best/epoch": 49, "best/precision": 0.9964120357204234, "best/recall": 0.9988249118683902, "best/mAP_0.5": 0.9949881936245571, "best/mAP_0.5:0.95": 0.9343615694224278, "Labels": {"_type": "images/separated", "width": 1600, "height": 1600, "format": "jpg", "count": 2, "filenames": ["media/images/Labels_0_688adbaf4bfe9105092c.jpg", "media/images/Labels_0_951374f4059853176577.jpg"], "captions": ["labels.jpg", "labels_correlogram.jpg"]}, "Mosaics": {"_type": "images/separated", "width": 1920, "height": 1920, "format": "jpg", "count": 3, "filenames": ["media/images/Mosaics_0_bc6ca511d46aa2a2bac8.jpg", "media/images/Mosaics_0_17c2e2fc63e75c51efd3.jpg", "media/images/Mosaics_0_31ae070518e136612999.jpg"], "captions": ["train_batch0.jpg", "train_batch1.jpg", "train_batch2.jpg"]}, "train/box_loss": 0.00835442915558815, "train/obj_loss": 0.008657622151076794, "train/cls_loss": 0.0, "metrics/precision": 0.9964062434164662, "metrics/recall": 0.9988249118683902, "metrics/mAP_0.5": 0.9949881936245571, "metrics/mAP_0.5:0.95": 0.9342430858546757, "val/box_loss": 0.0076772975735366344, "val/obj_loss": 0.007902979850769043, "val/cls_loss": 0.0, "x/lr0": 0.0004960000000000005, "x/lr1": 0.0004960000000000005, "x/lr2": 0.0004960000000000005, "_timestamp": 1678067834, "_runtime": 5569, "_step": 50, "Validation": {"_type": "images/separated", "width": 1268, "height": 1920, "format": "jpg", "count": 6, "filenames": ["media/images/Validation_50_95b415bb373b1526ec7b.jpg", "media/images/Validation_50_215461129a439e9d8941.jpg", "media/images/Validation_50_42834517d314a8166315.jpg", "media/images/Validation_50_60fe9449acac950b7536.jpg", "media/images/Validation_50_0d8debff4c2235963100.jpg", "media/images/Validation_50_47e4b210723974a87405.jpg"], "captions": ["val_batch0_labels.jpg", "val_batch0_pred.jpg", "val_batch1_labels.jpg", "val_batch1_pred.jpg", "val_batch2_labels.jpg", "val_batch2_pred.jpg"]}, "Results": {"_type": "images/separated", "width": 2400, "height": 1200, "format": "png", "count": 6, "filenames": ["media/images/Results_50_cb97df7cc81b8e8b7a59.png", "media/images/Results_50_1919cd7ca3699dbfdb9c.png", "media/images/Results_50_b3a66dfbca9e9dc2c9c6.png", "media/images/Results_50_37c6b51fadf8dcd14bcd.png", "media/images/Results_50_6e9f0ed7a2a378a3f5e5.png", "media/images/Results_50_534ee3042242cf12269c.png"], "captions": ["results.png", "confusion_matrix.png", "F1_curve.png", "PR_curve.png", "P_curve.png", "R_curve.png"]}, "_wandb": {"runtime": 5571}}