{"best/epoch": 6, "best/precision": 0.513605392832446, "best/recall": 0.9743589743589743, "best/mAP_0.5": 0.6716788980819899, "best/mAP_0.5:0.95": 0.3028065648817038, "Labels": {"_type": "images/separated", "width": 1600, "height": 1600, "format": "jpg", "count": 2, "filenames": ["media/images/Labels_0_6a883c7ef52a3db02046.jpg", "media/images/Labels_0_f68d571fdee6784f3d89.jpg"], "captions": ["labels.jpg", "labels_correlogram.jpg"]}, "Mosaics": {"_type": "images/separated", "width": 1920, "height": 1920, "format": "jpg", "count": 3, "filenames": ["media/images/Mosaics_0_151826f941a635cc8383.jpg", "media/images/Mosaics_0_2159ec3ded661ae299a1.jpg", "media/images/Mosaics_0_f2da49c657c1724f1c74.jpg"], "captions": ["train_batch0.jpg", "train_batch1.jpg", "train_batch2.jpg"]}, "train/box_loss": 0.0506318062543869, "train/obj_loss": 0.023546969518065453, "train/cls_loss": 0.0, "metrics/precision": 0.513605392832446, "metrics/recall": 0.9743589743589743, "metrics/mAP_0.5": 0.6716788980819899, "metrics/mAP_0.5:0.95": 0.3028065648817038, "val/box_loss": 0.048884935677051544, "val/obj_loss": 0.02090930938720703, "val/cls_loss": 0.0, "x/lr0": 0.008350000000000002, "x/lr1": 0.008350000000000002, "x/lr2": 0.008350000000000002, "_timestamp": 1677454502, "_runtime": 552, "_step": 6, "_wandb": {"runtime": 680}}